<?xml version="1.0" encoding="UTF-8" standalone="yes"?>
<addon id="repository.xstream" name="xStream Repository" version="1.2.0" provider-name="xStream-Team">
	<extension point="xbmc.addon.repository" name="xStream Repository">
		<dir minversion="17.9.910" maxversion="18.9.700">
            <info compressed="false">https://raw.githubusercontent.com/streamxstream/xStreamRepo/master/leia/addons.xml</info>
            <checksum>https://raw.githubusercontent.com/streamxstream/xStreamRepo/master/leia/addons.xml.md5</checksum>
            <datadir zip="true">https://raw.githubusercontent.com/streamxstream/xStreamRepo/master/leia/</datadir>
        </dir>
        <dir minversion="18.9.701" maxversion="19.9.700">
            <info compressed="false">https://raw.githubusercontent.com/streamxstream/xStreamRepo/master/matrix/addons.xml</info>
            <checksum>https://raw.githubusercontent.com/streamxstream/xStreamRepo/master/matrix/addons.xml.md5</checksum>
            <datadir zip="true">https://raw.githubusercontent.com/streamxstream/xStreamRepo/master/matrix/</datadir>
        </dir>
        <dir minversion="19.9.701" maxversion="20.9.700">
            <info compressed="false">https://raw.githubusercontent.com/streamxstream/xStreamRepo/master/nexus/addons.xml</info>
            <checksum>https://raw.githubusercontent.com/streamxstream/xStreamRepo/master/nexus/addons.xml.md5</checksum>
            <datadir zip="true">https://raw.githubusercontent.com/streamxstream/xStreamRepo/master/nexus/</datadir>
        </dir>		
    </extension>
    <extension point="xbmc.addon.metadata">
		<dir>
			<summary lang="de">xStream Repository</summary>
			<description lang="de">Dies ist das offizielle xStream Addon-Verzeichnis.[CR]Bei der Bereitstellung einer neuen Version von xStream wird diese auf Funktionalität geprüft. Sollten dennoch Probleme auftreten benachrichtige bitte das offizielle xStream-Team.</description>
			<disclaimer lang="de">Die dargestellten Inhalte des in diesem Verzeichnis enthaltenen Addons werden von den Erstellern des Addons weder gehostet oder verbreitet, noch stehen die Ersteller in irgendeiner Beziehung zu den Content-Anbietern.</disclaimer>
			<platform>all</platform>
			<assets>
				<icon>icon.png</icon>
				<fanart>fanart.jpg</fanart>
			</assets>
		</dir>
    </extension>
</addon>
